TICKET,CODIGO
3M,MMMC34
3MDRN,MMMC34
3R PETROLEUMON,RRRP3
3TENTOSON,TTEN3
524 PARTICIPON,QVQP3B
AB INBEV,ABUD34
AB INBEVDRN,ABUD34
ABB LTD,A1BB34
ABB LTDDRN,A1BB34
ABBOTT,ABTT34
ABBOTTDRN,ABTT34
ABBVIE,ABBV34
ABBVIEDRN,ABBV34
ABC BRASILPN,ABCB4
ABIOMED INC,A1BM34
ABIOMED INCDRN,A1BM34
ACCENTURE,ACNB34
ACCENTUREDRN,ACNB34
ACO ALTONAON,EALT3
ACO ALTONAPN,EALT4
ACTIVISION,ATVI34
ACTIVISIONDRN,ATVI34
ADOBE INC,ADBE34
ADOBE INCDRN,ADBE34
ADVANCE AUTO,A1AP34
ADVANCE AUTODRN,A1AP34
ADVANCED MIC,A1MD34
ADVANCED MICDRN,A1MD34
ADVANCED-DHON,ADHM3
AEGON NV,A1EG34
AEGON NVDRN,A1EG34
AERISON,AERI3
AES BRASILON,AESB3
AES CORP,A1ES34
AES CORPDRN,A1ES34
AES TIETE EON,TIET3
AES TIETE EPN,TIET4
AES TIETE EUNT,TIET11
Aesoperacoes ON,AESO3
AFLUENTE TON,AFLT3
AGRIBRASILON,GRAO3
AGROGALAXYON,AGXY3
AIRBNB,AIRB34
AKAMAI TECHN,A1KA34
AKAMAI TECHNDRN,A1KA34
ALBEMARLE CO,A1LB34
ALBEMARLE CODRN,A1LB34
ALEF S/AON,ALEF3B
ALEXANDRIA R,A1RE34
ALEXANDRIA RDRN,A1RE34
ALFA CONSORCON,BRGE3
ALFA CONSORCPNA,BRGE5
ALFA CONSORCPNB,BRGE6
ALFA CONSORCPNC,BRGE7
ALFA CONSORCPND,BRGE8
ALFA CONSORCPNE,BRGE11
ALFA CONSORCPNF,BRGE12
ALFA FINANCON,CRIV3
ALFA FINANCPN,CRIV4
ALFA HOLDINGON,RPAD3
ALFA HOLDINGPNA,RPAD5
ALFA HOLDINGPNB,RPAD6
ALFA INVESTON,BRIV3
ALFA INVESTPN,BRIV4
ALIANSCSONAEON,ALSO3
ALIBABAGR,BABA34
ALIBABAGRDRN,BABA34
Align Techno DRN,A1LG34
Align Techno,A1LG34
ALIPERTION,APTI3
ALIPERTIPN,APTI4
ALL NORTEON,FRRN3B
ALL NORTEPNA,FRRN5B
ALL NORTEPNB,FRRN6B
ALLIANCE DAT,A1LL34
ALLIANCE DATDRN,A1LL34
ALLIARON,AALR3
ALLIEDON,ALLD3
ALNYLAM PHAR,A1LN34
ALNYLAM PHARDRN,A1LN34
ALPARGATASON,ALPA3
ALPARGATASPN,ALPA4
ALPER S.A.ON,APER3
ALPHABET A,GOGL34
ALPHABET C,GOGL35
ALPHABET,GOGL34
ALPHABETDRN A,GOGL34
ALPHABETDRN C,GOGL35
ALPHAVILLEON,AVLL3
ALTERYX INC,A1YX34
ALTERYX INCDRN,A1YX34
ALTRIA GROUP,MOOO34
ALTRIA GROUPDRN,MOOO34
ALUPARON,ALUP3
ALUPARPN,ALUP4
ALUPARUNT,ALUP11
AMAZON,AMZO34
AMAZONDRN,AMZO34
AMAZONIAON,BAZA3
AMBEV S/AON,ABEV3
AMBIPARON,AMBP3
Amcor Plc DRN,A1CR34
Amcor Plc,A1CR34
AMERICAMOVIL,A1MX34
AMERICAMOVILDRN,A1MX34
AMERICAN AIR,AALL34
AMERICAN AIRDRN,AALL34
AMERICAN EXP,AXPB34
AMERICAN EXPDRN,AXPB34
AMERICAN TOW,T1OW34
AMERICAN TOWDRN,T1OW34
AMERICANASON,AMER3
AMGEN,AMGN34
AMGENDRN,AMGN34
AMPLA ENERGON,CBEE3
ANGLOGOLD AS,A1UA34
ANGLOGOLD ASDRN,A1UA34
ANIMAON,ANIM3
APA CORP,A1PA34
APA CORPDRN,A1PA34
APARTMENT IN,A1IV34
APARTMENT INDRN,A1IV34
APPLE,AAPL34
APPLEDRN,AAPL34
APPLIEDTE,A1MT34
APPLIEDTEDRN,A1MT34
ARCELOR,ARMT34
ARCELORDRN,ARMT34
AREZZO COON,ARZZ3
ARMACON,ARML3
ASML HOLD,ASML34
ASML HOLDDRN,ASML34
ASSAION,ASAI3
ASTRAZENECA,A1ZN34
ASTRAZENECADRN,A1ZN34
Atlassian Co DRN,T1AM34
Atlassian Co,T1AM34
ATMASAON,ATMP3
ATOMPARON,ATOM3
ATT INC,ATTB34
ATT INCDRN,ATTB34
AURA 360ON,AURA33
Auren ON NM,AURE3
AUTODESK INC,A1UT34
AUTODESK INCDRN,A1UT34
Autohome Inc DRN,A1TH34
Autohome Inc,A1TH34
AVALONBAY CO,A1VB34
AVALONBAY CODRN,A1VB34
AZEVEDOON,AZEV3
AZEVEDOPN,AZEV4
AZUL S.A.PN,AZUL4
AZULPN,AZUL4
AZUL4PN,AZUL4
AZUL4 PN,AZUL4
B TECH EQION,BLUT3
B TECH EQION,JBDU3
B TECH EQIPN,BLUT4
B TECH EQIPN,JBDU4
B2W - COMPANON,AMER3
B2W DIGITALON,AMER3
B3ON,B3SA3
BAHEMAON,BAHI3
BAIDU INC,BIDU34
BAIDU INCDRN,BIDU34
BANCO BMGPN,BMGB4
BANCO INTERON,BIDI3
BANCO INTERPN,BIDI4
BANCO INTERUNT,BIDI11
BANCO PANPN,BPAN4
BANCO SANTAN,B1SA34
BANCO SANTANDRN,B1SA34
BANESEON,BGIP3
BANESEPN,BGIP4
BANESTESON,BEES3
BANESTESPN,BEES4
BANK AMERICA,BOAC34
BANK AMERICADRN,BOAC34
BANPARAON,BPAR3
BANRISULON,BRSR3
BANRISULPNA,BRSR5
BANRISULPNB,BRSR6
BARCLAYS PLC,B1CS34
BARCLAYS PLCDRN,B1CS34
BARDELLAON,BDLL3
BARDELLAPN,BDLL4
BATTISTELLAON,EPAR3
BAUMERON,BALM3
BAUMERPN,BALM4
BB ETF IAGRO,AGRI11
BB ETF IAGROCI,AGRI11
BB ETF IBOV,BBOV11
BB ETF IBOVCI,BBOV11
BB ETF MILHO,CORN11
BB ETF MILHOCI,CORN11
BB ETF SP DV,BBSD11
BB ETF SP DVCI,BBSD11
BBMLOGISTICAON,BBML3
BBSEGURIDADEON,BBSE3
BBSEGURIDADE,BBSE3
BCO BRADESCOPN,BBDC4
BCO BRASIL SON,BBAS3
BCO ESTADO DPNB,BRSR6
BEMOBI TECHON,BMOB3
BERKSHIRE,BERK34
BERKSHIREDRN,BERK34
BEST BUY,BBYY34
BEST BUYDRN,BBYY34
BETAPARTON,BETP3B
Beyond Meat DRN,B2YN34
Beyond Meat,B2YN34
Bhp Group DRN,BHPG34
Bhp Group Pl DRN,B1BL34
Bhp Group Pl,B1BL34
Bhp Group,BHPG34
BIC MONARKON,BMKS3
BILIBILI INC,B1IL34
BILIBILI INCDRN,B1IL34
BIOGEN,BIIB34
BIOGENDRN,BIIB34
BIOMMON,BIOM3
BIONTECH SE,B1NT34
BIONTECH SEDRN,B1NT34
BIOSEVON,BSEV3
BITCOIN HASH,BITH11
BITCOIN HASHCI,BITH11
BK BRASILON,BKBR3
BLACKROCK,BLAK34
BLACKROCKDRN,BLAK34
BLAUON,BLAU3
Block Inc. DRN,S2QU34
Block Inc.','S2QU34
BMFBOVESPAON,B3SA3
BNY MELLON,BONY34
BNY MELLONDRN,BONY34
BOA SAFRAON,SOJA3
BOA VISTAON,BOAS3
BOEING,BOEI34
BOEINGDRN,BOEI34
BOMBRILON,BOBR3
BOMBRILPN,BOBR4
BOOKING,BKNG34
BOOKINGDRN,BKNG34
BOSTON PROP,BOXP34
BOSTON PROPDRN,BOXP34
BOSTON SCIEN,B1SX34
BOSTON SCIENDRN,B1SX34
BP PLC,B1PP34
BP PLCDRN,B1PP34
BR BROKERSON,BBRK3
BR MALLS PARON,BRML3
Br Partners UNT N2,BRBI11
BR PROPERTON,BRPR3
BRADESCOON,BBDC3
BRADESCOPN,BBDC4
BRADESPARON,BRAP3
BRADESPARPN,BRAP4
BRASILAGROON,AGRO3
BRASILON,BBAS3
BRASKEMON,BRKM3
BRASKEMPNA,BRKM5
BRASKEMPNB,BRKM6
BRAVA ENERGIAON,BRAV3
BRB BANCOON,BSLI3
BRB BANCOPN,BSLI4
BRF S.A.ON,BRFS3
BRF SAON,BRFS3
BRISANETON,BRIT3
BRISTOLMYERS,BMYB34
BRISTOLMYERSDRN,BMYB34
BRITISH AMER,B1TI34
BRITISH AMERDRN,B1TI34
BRLLS PARON,BRML3
BROADCOM INC,AVGO34
BROADCOM INCDRN,AVGO34
BRQON,BRQB3
BTG COMMODIT,CMDB11
BTG COMMODITCI,CMDB11
BTG S&P 500,SPXB11
BTG S&P 500CI,SPXB11
BTG SMLL CAP,SMAB11
BTG SMLL CAPCI,SMAB11
BTGP BANCOON,BPAC3
BTGP BANCOPNA,BPAC5
BTGP BANCOUNT,BPAC11
CABINDA PARTON,CABI3B
CACONDE PARTON,CACO3B
CAIXA SEGURION,CXSE3
CAIXA SEGURIONR,CXSE3
CAIXAETFXBOV,XBOV11
CAIXAETFXBOVCI,XBOV11
CAMBUCION,CAMB3
CAMILON,CAML3
CAPRI HOLDI,CAPH34
CAPRI HOLDIDRN,CAPH34
CARNIVAL COR,C1CL34
CARNIVAL CORDRN,C1CL34
CARREFOUR BRON,CRFB3
CASANON,CASN3
CASANPN,CASN4
CASAS BAHIAON,BHIA3
CASAS BAHIA,BHIA3
CATERPILLAR,CATP34
CATERPILLARDRN,CATP34
CBAON,CBAV3
CCR S.A.ON ED,CCRO3
CCR S.A.ON,CCRO3
CCR SAON,CCRO3
CEA MODASON,CEAB3
CEA MODAS,CEAB3
CEBON,CEBR3
CEBPNA,CEBR5
CEBPNB,CEBR6
CEDROON,CEDO3
CEDROPN,CEDO4
CEEE-DON,CEED3
CEEE-DPN,CEED4
CEEE-GTON,EEEL3
CEEE-GTPN,EEEL4
CEEE-TON,EEEL3
CEEE-TPN,EEEL4
CEGON,CEGR3
CELESCON,CLSC3
CELESCPN,CLSC4
CELGPARON,GPAR3
CELPEON,CEPE3
CELPEPNA,CEPE5
CELPEPNB,CEPE6
CELUL IRANIPN,RANI4
CEMEPEON,MAPT3
CEMEPEPN,MAPT4
CEMIGON,CMIG3
CEMIGPN,CMIG4
CENTAUROON,SBFG3
CENTRAIS ELEON,ELET3
CESPON,CESP3
CESPPNA,CESP5
CESPPNB,CESP6
CHARTER COMM,CHCM34
CHARTER COMMDRN,CHCM34
CHEVRON,CHVX34
CHEVRONDRN,CHVX34
China Life I DRN,L1FC34
China Life I,L1FC34
CHINA PETROL,C1HI34
CHINA PETROLDRN,C1HI34
CIA FERRO LIPN,FESA4
CIA HERINGON,HGTX3
CIA LOCAÇÃOON,LCAM3
CIA SANEAMENON,SAPR3
CIA SIDERURGON,CSNA3
CIELOON,CIEL3
CIGNA CORP,C1IC34
CIGNA CORPDRN,C1IC34
CIMSON,CMSA3
CIMSPN,CMSA4
CINESYSTEMON,CNSY3
CISCO,CSCO34
CISCODRN,CSCO34
CITIGROUP,CTGP34
CITIGROUPDRN,CTGP34
CLEARSALEON,CLSA3
COCA COLA,COCA34
COCA COLADRN,COCA34
COELBAON,CEEB3
COELBAPNA,CEEB5
COELBAPNB,CEEB6
COELCEON,COCE3
COELCEPNA,COCE5
COELCEPNB,COCE6
COGNA ONON,COGN3
COGNAONON,COGN3
COLGATE,COLG34
COLGATEDRN,COLG34
COMCAST,CMCS34
COMCASTDRN,CMCS34
Comerc Par ON,COMR3
COMGASON,CGAS3
COMGASPNA,CGAS5
COMPASSON,PASS3
COMPASSPNA,PASS5
COMPASSPNB,PASS6
CONC RIO TERON,CRTE3B
CONC RIO TERPNA,CRTE5B
CONST A LINDON,CALI3
CONST A LINDPN,CALI4
COPASAON,CSMG3
Copel UNT N2,CPLE11
COPELON,CPLE3
COPELPNA,CPLE5
COPELPNB,CPLE6
COPHILLIPS,COPH34
COPHILLIPSDRN,COPH34
COR RIBEIROON,CORR3
COR RIBEIROPN,CORR4
CORTEVA INC,C1TV34
CORTEVA INCDRN,C1TV34
COSAN LOGON,RLOG3
COSANON,CSAN3
COSERNON,CSRN3
COSERNPNA,CSRN5
COSERNPNB,CSRN6
Costar Group DRN,C1GP34
Costar Group,C1GP34
COSTCO,COWC34
COSTCODRN,COWC34
COTEMINASON,CTNM3
COTEMINASPN,CTNM4
COTY INC,COTY34
COTY INCDRN,COTY34
Coupa Softwa DRN,C1OU34
Coupa Softwa,C1OU34
CPFL ENERGIAON ED,CPFE3
CPFL ENERGIAON,CPFE3
CR2ON,CRDE3
CREDIT SUISS,C1SU34
CREDIT SUISSDRN,C1SU34
CRIPTO20 EMP,CRPT11
CRIPTO20 EMPCI,CRPT11
CRISTALON,CRPG3
CRISTALPNA,CRPG5
CRISTALPNB,CRPG6
CRUZEIRO EDUON,CSED3
CRUZEIROUON,CSED3
CRUZEIROU,CSED3
CSNMINERACAOON,CMIN3
CSN MINERACAON,CMIN3
CSNMINERACAON,CMIN3
CSNMINERACAO,CMIN3    
CSNMINERACAO ON,CMIN3
CSU CARDSYSTON,CARD3
CTC S.A.ON,CTCA3
CTRIPCOM,CRIP34
CTRIPCOMDRN,CRIP34
CURY S/AON,CURY3
CVC BRASILON,CVCB3
CVS HEALTH,CVSH34
CVS HEALTHDRN,CVSH34
CYRE COM-CCPON,CCPR3
CYRELA REALTON,CYRE3
D1000VFARMA,DMVF3
D1000VFARMAON,DMVF3
DANAHER CORP,DHER34
DANAHER CORPDRN,DHER34
DASAON,DASA3
Datadog Inc DRN,D1DG34
Datadog Inc,D1DG34
DEERE CO,DEEC34
DEERE CODRN,DEEC34
DEFI HASH,DEFI11
DEFI HASHCI,DEFI11
DELL TECHNOL,D1EL34
DELL TECHNOLDRN,D1EL34
DELTA,DEAI34
DELTADRN,DEAI34
DESKTOPON,DESK3
DEUTSCHE AK,DBAG34
DEUTSCHE AKDRN,DBAG34
Devon Energy DRN,D1VN34
Devon Energy,D1VN34
Dexcom Inc DRN,D1EX34
Dexcom Inc,D1EX34
DEXCOON,DXCO3
DEXXOS PARON,DEXP3
DEXXOS PARPN,DEXP4
Diageo Pl DRN,DEOP34
Diageo Pl,DEOP34
DIAMONDBACK,F1AN34
DIAMONDBACKDRN,F1AN34
DIGITAL REAL,D1LR34
DIGITAL REALDRN,D1LR34
DIMEDON,PNVL3
DIMEDPN,PNVL4
DIRECIONALON,DIRR3
Discovery In ,DCVY34
Discovery In DRN A,DCVY34
DOCUSIGN INC,D1OC34
DOCUSIGN INCDRN,D1OC34
DOHLERON,DOHL3
DOHLERPN,DOHL4
DOLLAR GENER,DGCO34
DOLLAR GENERDRN,DGCO34
DOMMOON,DMMO3
DOTZ SAON,DOTZ3
Dow Inc DRN,D1OW34
Dow Inc,D1OW34
DTCOM DIRECTON,DTCY3
DTCOM DIRECTPN,DTCY4
DTCOM-DIRECTON,DTCY3
DTCOM-DIRECTPN,DTCY4
DURATEXON,DTEX3
Eaton Corp P DRN,E1TN34
Eaton Corp P,E1TN34
EALT4 PN,EALT4
EALT4PN,EALT4
EALT3 ON,EALT3
EALT3ON,EALT3
EBAY,EBAY34
EBAYDRN,EBAY34
ECORODOVIASON,ECOR3
ELECTR ARTS,EAIN34
ELECTR ARTSDRN,EAIN34
ELEKTROON,EKTR3
ELEKTROPN,EKTR4
ELETROBRASON,ELET3
ELETROBRASPNA,ELET5
ELETROBRASPNB,ELET6
ELETROMIDIAON,ELMD3
ELETROPARON,LIPR3
ELETROPAULOPN,ELPL4
EMAEON,EMAE3
EMAEPN,EMAE4
EMBPAR S/AON,EPAR3
EMBRAERON,EMBR3
EMBRATEL PARON,EBTP3
EMBRATEL PARPN,EBTP4
ENAUTA PARTON,ENAT3
ENCORPARON,ECPR3
ENCORPARPN,ECPR4
ENEL AMERICA,E1NI34
ENEL AMERICADRN,E1NI34
ENERGIAS BRON,ENBR3
ENERGISA MTON,ENMT3
ENERGISA MTPN,ENMT4
ENERGISAON,ENGI3
ENERGISAPN,ENGI4
ENERGISAUNT,ENGI11
ENEVAON,ENEV3
ENGIE BRASILON,EGIE3
ENJOEION,ENJU3
EQTL MARANHAOON,EQMA3B
EQTL MARANHAOPNA,EQMA5B
EQTL MARANHAOPNB,EQMA6B
EQTL PARAON,EQPA3
EQTL PARAPNA,EQPA5
EQTL PARAPNB,EQPA6
EQTL PARAPNC,EQPA7
EQUATORIALON,EQTL3
EQUINIX INC,EQIX34
EQUINIX INCDRN,EQIX34
Equinor Asa DRN,E1QN34
Equinor Asa,E1QN34
EQUITY RESID,E1QR34
EQUITY RESIDDRN,E1QR34
ERICSSON LM,E1RI34
ERICSSON LMDRN,E1RI34
ESPACOLASERON,ESPA3
ESSEX PROPER,E1SS34
ESSEX PROPERDRN,E1SS34
ESTACIO PARTON,YDUQ3
ESTAPARON,ALPK3
Estee Lauder DRN,ELCI34
Estee Lauder,ELCI34
ESTRELAON,ESTR3
ESTRELAPN,ESTR4
ETERNITON,ETER3
ETF BRA IBOV,BOVB11
ETF BRA IBOVCI,BOVB11
ETF BTG GENB,GENB11
ETF BTG GENBCI,GENB11
ETF ESG BTG,ESGB11
ETF ESG BTGCI,ESGB11
ETF GURU,GURU11
ETF GURUCI,GURU11
ETHER HASH,ETHE11
ETHER HASHCI,ETHE11
EUCATEXON,EUCA3
EUCATEXPN,EUCA4
EVENON,EVEN3
EXCELSIORON,BAUH3
EXCELSIORPN,BAUH4
EXXON MOBIL,EXXO34
EXXON MOBILDRN,EXXO34
EZ TEC EMPREON,EZTC3
EZTECON,EZTC3
FACEBOOK,FBOK34
FACEBOOKDRN,FBOK34
FEDERAL REAL,F1RI34
FEDERAL REALDRN,F1RI34
FEDEX CORP,FDXB34
FEDEX CORPDRN,FDXB34
FER C ATLANTON,VSPT3
FER C ATLANTPN,VSPT4
FER HERINGERON,FHER3
FERBASAON,FESA3
FERBASAPN,FESA4
FIBRIA CELULON,FIBR3
FIDELITY NAT,F1NI34
FIDELITY NATDRN,F1NI34
FINANSINOSON,FNCN3
FIRST SOLAR,FSLR34
FIRST SOLARDRN,FSLR34
FLEURYON,FLRY3
FLEX S/AON,FLEX3
FOCUS ONON,POWE3
FOCUSONON,POWE3
FORD MOTORS,FDMO34
FORD MOTORSDRN,FDMO34
FRAS-LEON,FRAS3
FREEPORT,FCXO34
FREEPORTDRN,FCXO34
GAFISAON,GFSA3
GFSA3 ON,GFSA3
GFSA3ON,GFSA3
Galapagos Nv DRN,G1LP34
Galapagos Nv,G1LP34
GAMA PARTON,OPGM3B
GE,GEOO34
GEDRN,GEOO34
GENERAL MOT,GMCO34
GENERAL MOTDRN,GMCO34
GENERALSHOPPON,GSHP3
GER PARANAPON,GEPA3
GER PARANAPPN,GEPA4
GERDAU METON,GOAU3
GERDAU METPN,GOAU4
GERDAUON,GGBR3
GERDAUPN,GGBR4
Getnet Br UNT,GETT11
GETNET BRON,GETT3
GETNET BRPN,GETT4
GETNINJASON,NINJ3
GILEAD,GILD34
GILEADDRN,GILD34
GLAXOSMITHKL,G1SK34
GLAXOSMITHKLDRN,G1SK34
Gol ON,GOLL3
GOLL4 PN,GOLL4
GOLD FIELDS,G1FI34
GOLD FIELDSDRN,G1FI34
GOLDMANSACHS,GSGI34
GOLDMANSACHSDRN,GSGI34
GOLPN,GOLL4
GOPRO,GPRO34
GOPRODRN,GPRO34
GP INVESTA,GPIV33
GPC PARTON,DEXP3
GPC PARTPN,DEXP4
GPSON,GGPS3
GRAZZIOTINON,CGRA3
GRAZZIOTINPN,CGRA4
GRENDENEON,GRND3
GRUPO CASAS BAHIAON,BHIA3
GRUPO CASAS BAHIA,BHIA3
GRUPO MATEUSON,GMAT3
GRUPO NATURA,NTCO3
GRUPO NATURAON,NTCO3
GRUPO SBFON,SBFG3
GRUPO SOMAON,SOMA3
GRUPOTEUSON,GMAT3
GUARARAPESON,GUAR3
HABITASULON,HBTS3
HABITASULPNA,HBTS5
HABITASULPNB,HBTS6
HAGA S/AON,HAGA3
HAGA S/APN,HAGA4
HAPVIDAON,HAPV3
Harley-David DRN,H1OG34
Harley-David,H1OG34
HASHDEX NCI,HASH11
HASHDEX NCICI,HASH11
HBR REALTYON,HBRE3
Hca Healthca DRN,H1CA34
Hca Healthca,H1CA34
HELBORON,HBOR3
HERCULESON,HETA3
HERCULESPN,HETA4
HIDROVIASON,HBSA3
Hmobi S.A ON,HMOB3
HOME DEPOT,HOME34
HOME DEPOTDRN,HOME34
HONDA MO,HOND34
HONDA MODRN,HOND34
HORIZON THER,H1ZN34
HORIZON THERDRN,H1ZN34
HOTEIS OTHONON,HOOT3
HOTEIS OTHONPN,HOOT4
HP COMPANY,HPQB34
HP COMPANYDRN,HPQB34
HSBC HOLDING,H1SB34
HSBC HOLDINGDRN,H1SB34
HYPERAON,HYPE3
IBM EC,IBMB34
IBMDRN EC,IBMB34
IGB S/AON,IGBR3
IGUA SAON,IGSN3
Iguatemi S.A ON N1,IGTI3
Iguatemi S.A UNT N1,IGTI11
IGUATEMION,IGTA3
IHPARDINION,PARD3
ILLUMINA INC,I1LM34
ILLUMINA INCDRN,I1LM34
IMC S/AON,MEAL3
IND CATAGUASON,CATA3
IND CATAGUASPN,CATA4
INDS ROMION,ROMI3
INDUSTRIAS RON,ROMI3
INDUSVALON,IDVL3
INDUSVALPN,IDVL4
INEPARON,INEP3
INEPARPN,INEP4
INFRACOMMON,IFCM3
INTEL,ITLC34
INTELBRASON,INTB3
INTELDRN,ITLC34
INTER SAON,INNT3
INTERMEDICAON,GNDI3
Intuit Inc DRN,INTU34
Intuit Inc,INTU34
Intuitive Su DRN,I1SR34
Intuitive Su,I1SR34
INVEPARON,IVPR3B
INVEPARPN,IVPR4B
INVEST BEMGEON,FIGE3
INVEST BEMGEPN,FIGE4
INVESTO 5GTK,5GTK11
INVESTO 5GTKCI,5GTK11
INVESTO ALUG,ALUG11
INVESTO ALUGCI,ALUG11
INVESTO BDOM,BDOM11
INVESTO BDOMCI,BDOM11
INVESTO BLOK,BLOK11
INVESTO BLOKCI,BLOK11
INVESTO BTEK,BTEK11
INVESTO BTEKCI,BTEK11
INVESTO BXPO,BXPO11
INVESTO BXPOCI,BXPO11
INVESTO FOOD,FOOD11
INVESTO FOODCI,FOOD11
INVESTO JOGO,JOGO11
INVESTO JOGOCI,JOGO11
INVESTO NFTS,NFTS11
INVESTO NFTSCI,NFTS11
INVESTO PEVC,PEVC11
INVESTO PEVCCI,PEVC11
INVESTO SCVB,SCVB11
INVESTO SCVBCI,SCVB11
INVESTO SVAL,SVAL11
INVESTO SVALCI,SVAL11
INVESTO USTK,USTK11
INVESTO USTKCI,USTK11
INVESTO WRLD,WRLD11
INVESTO WRLDCI,WRLD11
IOCHP-MAXIONON,MYPK3
IRANION,RANI3
IRBBRASIL REON,IRBR3
IRON MOUNTAI,I1RM34
IRON MOUNTAIDRN,I1RM34
ISA ENERGIAON,ISAE3
ISA ENERGIAPN,ISAE4
ISHARE SP500,IVVB11
ISHARE SP500CI,IVVB11
ISHARES BOVA,BOVA11
ISHARES BOVACI,BOVA11
ISHARES BOVACI,BOVA11
ISHARES BRAX,BRAX11
ISHARES BRAXCI,BRAX11
ISHARES ECOO,ECOO11
ISHARES ECOOCI,ECOO11
ISHARES SMAL,SMAL11
ISHARES SMALCI,SMAL11
IT NOW B5P2F11,B5P211
IT NOW DNA,DNAI11
IT NOW DNACI,DNAI11
IT NOW GREEN,REVE11
IT NOW GREENCI,REVE11
IT NOW HCARE,HTEK11
IT NOW HCARECI,HTEK11
IT NOW HYDRO,YDRO11
IT NOW HYDROCI,YDRO11
IT NOW IBOV,BOVV11
IT NOW IBOVCI,BOVV11
IT NOW IDIV,DIVO11
IT NOW IDIVCI,DIVO11
IT NOW IFNC,FIND11
IT NOW IFNCCI,FIND11
IT NOW IGCT,GOVE11
IT NOW IGCTCI,GOVE11
IT NOW IMAT,MATB11
IT NOW IMATCI,MATB11
IT NOW ISE,ISUS11
IT NOW ISECI,ISUS11
IT NOW MILL,MILL11
IT NOW MILLCI,MILL11
IT NOW PIBB,PIBB11
IT NOW PIBBCI,PIBB11
IT NOW SHOT,SHOT11
IT NOW SHOTCI,SHOT11
IT NOW SMALL,SMAC11
IT NOW SMALLCI,SMAC11
IT NOW SPXI,SPXI11
IT NOW SPXICI,SPXI11
IT NOW TECK,TECK11
IT NOW TECKCI,TECK11
ITAUBANCOPN,ITUB4
ITAUSAON,ITSA3
ITAUSAPN,ITSA4
ITAUUNIBANCOON,ITUB3
ITAUUNIBANCOPN,ITUB4
J B DUARTEON,JBDU3
J B DUARTEPN,JBDU4
JALLESMACHADON,JALL3
JBSON,JBSS3
JD COM,JDCO34
JD COMDRN,JDCO34
JEREISSATI PPN,JPSA3
JEREISSATION,JPSA3
JHSF PARTON,JHSF3
JOAO FORTESON,JFEN3
JOHNSON,JNJB34
JOHNSONDRN,JNJB34
JOSAPARON,JOPA3
JOSAPARPN,JOPA4
JPMORGAN,JPMC34
JPMORGANDRN,JPMC34
JSLON,JSLG3
KALLASON,KLAS3
KARSTENON,CTKA3
KARSTENPN,CTKA4
KEPLER WEBERON,KEPL3
KLABIN S.A.UNT,KLBN11
KLABIN S/AON,KLBN3
KLABIN S/APN,KLBN4
KLABIN S/AUNT,KLBN11
KORA SAUDEON,KRSA3
KRAFT HEINZ,KHCB34
KRAFT HEINZDRN,KHCB34
KROTON EDUCAON,COGN3
KROTONON,COGN3
KROTONUCAON,COGN3
LAM RESEARCH,L1RC34
LAM RESEARCHDRN,L1RC34
LAVVION,LAVV3
LE BISCUITON,LLBI3
LE BISCUITPN,LLBI4
LE LIS BLANCON,LLIS3
LIFEMEDON,LMED3
LIGHT S/AON,LIGT3
LILLY,LILY34
LILLYDRN,LILY34
LINXON,LINX3
LITELAON,LTLA3B
LITELON,LTEL3B
LLOYDS BANKI,L1YG34
LLOYDS BANKIDRN,L1YG34
LOCALIZAON,RENT3
LOCAMERICAON,LCAM3
LOCAWEBON,LWSA3
Lockheed DRN,LMTB34
Lockheed,LMTB34
LOG COM PROPON,LOGG3
LOG-INON,LOGN3
LOJAS AMERICON,LAME3
LOJAS AMERICPN,LAME4
LOJAS MARISAON,AMAR3
LOJAS RENNERON,LREN3
LOJASRISAON,AMAR3
LOPES BRASILON,LPSB3
LOWES COMPA,LOWC34
LOWES COMPADRN,LOWC34
Lululemon At DRN,L1UL34
Lululemon At,L1UL34
LUMEN TECH,L1MN34
LUMEN TECHDRN,L1MN34
LUPATECHON,LUPA3
M.DIASBRANCOON,MDIA3
MACY S,MACY34
MACY SDRN,MACY34
MAESTROLOCON,MSRO3
MAGAZ LUIZAON,MGLU3
MAGAZINE LUION,MGLU3
MGLU3ON,MGLU3
MGLU3 ON,MGLU3
MANGELS INDLON,MGEL3
MANGELS INDLPN,MGEL4
Marathon Oil DRN,M1RO34
Marathon Oil,M1RO34
MARCOPOLO S.ON,POMO3
MARCOPOLO S.PN,POMO4
MARCOPOLOON,POMO3
MARCOPOLOPN,POMO4
MARFRIGON,MRFG3
MASTERCARD,MSCD34
MASTERCARDDRN,MSCD34
MATER DEION,MATD3
MATERDEION,MATD3
MCDONALDS,MCDC34
MCDONALDSDRN,MCDC34
MEDTRONIC,MDTC34
MEDTRONICDRN,MDTC34
MELHOR SPON,MSPA3
MELHOR SPPN,MSPA4
MELIUZON,CASH3
MELNICKON,MELK3
MENEZES CORTON,MNZC3B
MERC BRASILON,BMEB3
MERC BRASILPN,BMEB4
MERCANTILPN,BMEB4
MERCANTILON,BMEB3
MERC FINANCON,MERC3
MERC FINANCPN,MERC4
MERC INVESTON,BMIN3
MERC INVESTPN,BMIN4
MERCADOLIBRE,MELI34
MERCADOLIBREDRN,MELI34
META HASH,META11
META HASHCI,META11
METAL IGUACUON,MTIG3
METAL IGUACUPN,MTIG4
METAL LEVEON,LEVE3
METALFRIOON,FRIO3
METISAON,MTSA3
METISAPN,MTSA4
Metlife Inc DRN,METB34
Metlife Inc,METB34
MGM RESORTS,M1GM34
MGM RESORTSDRN,M1GM34
MICRON TECHN,MUTC34
MICRON TECHNDRN,MUTC34
MICROSOFT,MSFT34
MICROSOFT,MSFT34
MICROSOFTDRN,MSFT34
MILLSON,MILS3
MINASMAQUINAON,MMAQ3
MINASMAQUINAPN,MMAQ4
MINASMAQUINASON,MMAQ3
MINASMAQUINASPN,MMAQ4
MINERVAON,BEEF3
MINUPARON,MNPR3
MITRE REALTYON,MTRE3
MITREON,MTRE3
Mitsubishi U DRN,M1UF34
Mitsubishi U,M1UF34
MMX MINERON,MMXM3
MOBLYON,MBLY3
Modalmais UNT N2,MODL11
MODALMAISON,MODL3
MODALMAISPN,MODL4
MODERNA INC,M1RN34
MODERNA INCDRN,M1RN34
MONDELEZ INT,MDLZ34
MONDELEZ INTDRN,MDLZ34
Mongodb Inc DRN,M1DB34
Mongodb Inc,M1DB34
MONSTER BEVE,M1NS34
MONSTER BEVEDRN,M1NS34
MONT ARANHAON,MOAR3
MORGAN STAN,MSBR34
MORGAN STANDRN,MSBR34
MOSAIC CO,MOSC34
MOSAIC CODRN,MOSC34
MOSAICO SAON,MOSI3
MOSAICOON,MOSI3
MOURA DUBEUXON,MDNE3
MOVIDAON,MOVI3
MRS LOGISTON,MRSA3B
MRS LOGISTPNA,MRSA5B
MRS LOGISTPNB,MRSA6B
MRVON,MRVE3
MULTILASERON,MLAS3
MULTIPLANON,MULT3
MUNDIALON,MNDL3
NASDAQ INC,N1DA34
NASDAQ INCDRN,N1DA34
NEOENERGIAON,NEOE3
NEOGRIDON,NGRD3
NETEASE,NETE34
NETEASEDRN,NETE34
NETFLIX,NFLX34
NETFLIXDRN,NFLX34
NEW ORIENTAL,E1DU34
NEW ORIENTALDRN,E1DU34
NEWMONT GOLD,N1EM34
NEWMONT GOLDDRN,N1EM34
NEXTERA ENER,NEXT34
NEXTERA ENERDRN,NEXT34
NIKE,NIKE34
NIKEDRN,NIKE34
NOKIA CORP,NOKI34
NOKIA CORPDRN,NOKI34
NORD BRASILON,BNBR3
NORDON METON,NORD3
NORTCQUIMICAON,NRTQ3
NORWEGIAN CR,N1CL34
NORWEGIAN CRDRN,N1CL34
NOVARTIS AG,N1VS34
NOVARTIS AGDRN,N1VS34
NOVO NORDISK,N1VO34
NOVO NORDISKDRN,N1VO34
NUTRIPLANTON,NUTR3
NVIDIA CORP,NVDC34
NVIDIA CORP,NVDC34
NVIDIA CORPDRN,NVDC34
Nxp Semicond DRN,N1XP34
Nxp Semicond,N1XP34
OCCIDENT PTR,OXYP34
OCCIDENT PTRDRN,OXYP34
OCEANPACTON,OPCT3
ODERICHON,ODER3
ODERICHPN,ODER4
ODONTOPREVON,ODPV3
OION,OIBR3
OIPN,OIBR4
Okta Inc DRN,O1KT34
Okta Inc,O1KT34
OMEGA GERON,OMGE3
Omegaenergia ON NM,MEGA3
ONCOCLINICASON,ONCO3
OPPORT ENERGON,OPHE3B
ORACLE,ORCL34
ORACLEDRN,ORCL34
ORIZONON,ORVR3
OSX BRASILON,OSXB3
OUROFINO S/AON,OFSA3
P.ACUCAR-CBDON,PCAR3
PACTUAL IBOV,IBOB11
PACTUAL IBOVCI,IBOB11
PADTECON,PDTC3
Pagseguro DRN,PAGS34
Pagseguro,PAGS34
PAGUE MENOSON,PGMN3
PANATLANTICAON,PATI3
PANATLANTICAPN,PATI4
PAR AL BAHIAON,PEAB3
PAR AL BAHIAPN,PEAB4
PARANAPANEMA,PMAM3
PARANAPANEMAON,PMAM3
PAYPAL HOLD,PYPL34
PAYPAL HOLDDRN,PYPL34
PBG S/AON,PTBL3
PDG REALTON,PDGR3
PEPSICO INC,PEPB34
PEPSICO INCDRN,PEPB34
PET MANGUINHON,RPMG3
PETNGUINHON,RPMG3
PETROBRAS BRON,BRDT3
PETROBRASON,PETR3
PETROBRASPN,PETR4
PETROCHIN,PTCH34
PETROCHINDRN,PTCH34
PETRORECSAON,RECV3
PETRORIOON,PRIO3
PETTENATION,PTNT3
PETTENATIPN,PTNT4
PETZON,PETZ3
PFIZER,PFIZ34
PFIZERDRN,PFIZ34
PG,PGCO34
PGDRN,PGCO34
PHILIP MORRI,PHMO34
PHILIP MORRIDRN,PHMO34
PINDUODUO IN,P1DD34
PINDUODUO INDRN,P1DD34
PINEON,PINE3
PINEPN,PINE4
PLANOEPLANOON,PLPL3
PLASCAR PARTON,PLAS3
POLPARON,PPAR3
POMIFRUTASON,FRTA3
PORTO SEGUROON,PSSA3
PORTOBELLOON,PTBL3
POSITIVO TECON,POSI3
PPLAUNT,PPLA11
PRATICAON,PTCA3
PRATICAPN RESG,PTCA11
PRINERON,PRNR3
PROFARMAON,PFRM3
PROLOGIS INC,P1LD34
PROLOGIS INCDRN,P1LD34
PROMPTON,PRPT3B
Public Stora DRN,P1SA34
Public Stora,P1SA34
QR BITCOIN,QBTC11
QR BITCOINCI,QBTC11
QR DEFI,QDFI11
QR DEFICI,QDFI11
QR ETHER,QETH11
QR ETHERCI,QETH11
QUALCOMM,QCOM34
QUALCOMMDRN,QCOM34
QUALICORPON,QUAL3
QUALITY SOFTON,QUSW3
QUERO-QUEROON,LJQQ3
RAIADROGASILON,RADL3
RAIZENPN,RAIZ4
RANDON PARTON,RAPT3
RANDON PARTPN,RAPT4
RAYTHEONTECH,RYTT34
RAYTHEONTECHDRN,RYTT34
RD SHELL,RDSA34
RD SHELLDRN,RDSA34
REALTY INCOM,R1IN34
REALTY INCOMDRN,R1IN34
RECRUSULON,RCSL3
RECRUSULPN,RCSL4
REDE D ORON,RDOR3
REDE ENERGIAON,REDE3
REGENERON PH,REGN34
REGENERON PHDRN,REGN34
RENOVAON,RNEW3
RENOVAPN,RNEW4
RENOVAUNT,RNEW11
RIO TINTO,RIOT34
RIO TINTODRN,RIOT34
RIOSULENSEON,RSUL3
RIOSULENSEPN,RSUL4
RNION,RDNI3
Rodobens UNT EJ,RBNS11
ROKU INC,R1KU34
ROKU INCDRN,R1KU34
ROSSI RESIDON,RSID3
ROYAL CARIBB,R1CL34
ROYAL CARIBBDRN,R1CL34
RUMO LOGON,RAIL3
RUMO S.A.ON,RAIL3
SABESPON,SBSP3
SAFRAETFELAS,ELAS11
SAFRAETFELASCI,ELAS11
SAFRAETFIBOV,BOVS11
SAFRAETFIBOVCI,BOVS11
SALESFORCE,SSFO34
SALESFORCEDRN,SSFO34
SANEPARON,SAPR3
SANEPARPN,SAPR4
SANEPARUNT,SAPR11
SANSUYON,SNSY3
SANSUYPNA,SNSY5
SANSUYPNB,SNSY6
SANTANDER BRON,SANB3
SANTANDER BRPN,SANB4
SANTANDER BRUNT,SANB11
SANTANDER,BCSA34
SANTANDERDRN,BCSA34
SANTANENSEON,CTSA3
SANTANENSEPN,CTSA4
SANTANENSEPND,CTSA8
SANTOS BRPON,STBP3
SAO CARLOSON,SCAR3
SAO MARTINHOON,SMTO3
SAORTINHOON,SMTO3
SAP SE,SAPP34
SAP SEDRN,SAPP34
SARAIVA LIVRON,SLED3
SARAIVA LIVRPN,SLED4
SAUIPEON,PSEG3
SAUIPEPN,PSEG4
SCHULZON,SHUL3
SCHULZPN,SHUL4
SCHWAB,SCHW34
SCHWABDRN,SCHW34
Sea Ltd DRN,S2EA34
Sea Ltd,S2EA34
SEG AL BAHIAON,CSAB3
SEG AL BAHIAPN,CSAB4
SEQUOIA LOGON,SEQL3
SER EDUCAON,SEER3
SERUCAON,SEER3
SERVICENOW,N1OW34
SERVICENOWDRN,N1OW34
Shopify Inc DRN,S2HO34
Shopify Inc,S2HO34
Sibanye Stil DRN,S1BS34
Sibanye Stil,S1BS34
SID NACIONALON,CSNA3
SIMON PROP,SIMN34
SIMON PROPDRN,SIMN34
SIMPARON,SIMH3
SINQIAON,SQIA3
SL GREEN REA,S1LG34
SL GREEN READRN,S1LG34
SLC AGRICOLAON ED,SLCE3
SLC AGRICOLAON,SLCE3
SMART FITON,SMFT3
SMART HASH,WEB311
SMART HASHCI,WEB311
SMILESON,SMLS3
SONDOTECNICAON,SOND3
SONDOTECNICAPNA,SOND5
SONDOTECNICAPNB,SOND6
SONY GROUP,SNEC34
SONY GROUPDRN,SNEC34
SPLUNK INC,S1PL34
SPLUNK INCDRN,S1PL34
SPOTIFY TECH,S1PO34
SPOTIFY TECHDRN,S1PO34
SPRINGSON,SGPS3
SPTURISON,AHEB3
SPTURISPNA,AHEB5
SPTURISPNB,AHEB6
STARAON,STTR3
STARBUCKS,SBUB34
STARBUCKSDRN,SBUB34
STATKRAFTON,STKF3
SUDESTEON,OPSE3B
SUL 116 PARTON,OPTS3B
SUL AMERICAON,SULA3
SUL AMERICAPN,SULA4
SUL AMERICAUNT,SULA11
SUZANO HOLDON,NEMO3
SUZANO HOLDPNA,NEMO5
SUZANO HOLDPNB,NEMO6
SUZANO PAPELON,SUZB3
SUZANO PAPELPNA,SUZB5
SUZANO S.A.ON,SUZB3
SYN PROP TECON,SYNE3
TAESAON,TAEE3
TAESAPN,TAEE4
TAESAUNT,TAEE11
TAIWANSMFAC,TSMC34
TAIWANSMFACDRN,TSMC34
TAKE-TWO INT,T1TW34
TAKE-TWO INTDRN,T1TW34
TALUCATIO,T1AL34
TALUCATIODRN,T1AL34
TAPESTRY INC,TPRY34
TAPESTRY INCDRN,TPRY34
TARGET CORP,TGTB34
TARGET CORPDRN,TGTB34
TAURUS ARMASON,TASA3
TAURUS ARMASPN,TASA4
TASA4 PN,TASA4
TASA4PN,TASA4
TASA3 ON,TASA3
TASA3ON,TASA3
TCON,TRAD3
TECH BRASIL,TECB11
TECH BRASILCI,TECB11
TECHNOSON,TECN3
TECNISAON,TCSA3
TECNOSOLOON,TCNO3
TECNOSOLOPN,TCNO4
TEGMA GESTAOON,TGMA3
TEGMAON,TGMA3
TEGRA INCORPON,TEGA3
TEKAON,TEKA3
TEKAPN,TEKA4
TEKNOON,TKNO3
TEKNOPN,TKNO4
Teladochealt DRN,T2DH34
Teladochealt,T2DH34
TELEBRASON,TELB3
TELEBRASPN,TELB4
TELEF BRASILON,VIVT3
TELEF BRASILPN,VIVT4
TELEFONIC,TLNC34
TELEFONICDRN,TLNC34
TENDAON,TEND3
Terniumsa DRN,TXSA34
Terniumsa,TXSA34
TERRA SANTA PA,LAND3
TERRA SANTAON,TESA3
TERRA SANTAPAON,LAND3
TERRASANTAPA,LAND3
TERRASANTAPAON,LAND3
TESLA INC,TSLA34
TESLA INCDRN,TSLA34
Teva Pharmac DRN,T1EV34
Teva Pharmac,T1EV34
TEX RENAUXON,TXRX3
TEX RENAUXPN,TXRX4
TEXAS INC,TEXA34
TEXAS INCDRN,TEXA34
THERMFISCHER,TMOS34
THERMFISCHERDRN,TMOS34
TIM PARTON,TIMP3
TIME FOR FUNON,SHOW3
TIMON,TIMS3
TOTVSON,TOTS3
TOYOTAMO,TMCO34
TOYOTAMODRN,TMCO34
TRACK FIELDPN,TFCO4
Trade Desk DRN,T2TD34
Trade Desk,T2TD34
TRAN PAULISTON,ISAE3
TRAN PAULISTPN,ISAE4
TRANSOCEAN,RIGG34
TRANSOCEANDRN,RIGG34
TREND ACWI,ACWI11
TREND ACWICI,ACWI11
TREND ASIA,ASIA11
TREND ASIACI,ASIA11
TREND CHINA,XINA11
TREND CHINACI,XINA11
TREND EMEG,EMEG11
TREND EMEGCI,EMEG11
TREND ESG D,ESGD11
TREND ESG DCI,ESGD11
TREND ESG E,ESGE11
TREND ESG ECI,ESGE11
TREND ESG US,ESGU11
TREND ESG USCI,ESGU11
TREND EUROPA,EURP11
TREND EUROPACI,EURP11
TREND IBOVX,BOVX11
TREND IBOVXCI,BOVX11
TREND IFIX-L,XFIX11
TREND IFIX-LCI,XFIX11
TREND NASDAQ,NASD11
TREND NASDAQCI,NASD11
TREND OURO,GOLD11
TREND OUROCI,GOLD11
TREND SMALL,XMAL11
TREND SMALLCI,XMAL11
TREND U REIT,URET11
TREND U REITCI,URET11
TREND US LRG,USAL11
TREND US LRGCI,USAL11
TREND US TEC,UTEC11
TREND US TECCI,UTEC11
TREVISAON,LUXM3
TREVISAPN,LUXM4
TRG SMIC CAP,TRIG11
TRG SMIC CAPCI,TRIG11
TRIPADVISOR,T1RI34
TRIPADVISORDRN,T1RI34
TRISUL S.A.ON,TRIS3
TRISULON,TRIS3
TRIUNFO PARTON,TPIS3
TUPYON,TUPY3
TWILIO INC,T1WL34
TWILIO INCDRN,T1WL34
TWITTER,TWTR34
TWITTERDRN,TWTR34
UBER TECH IN,U1BE34
UBER TECH INDRN,U1BE34
UBS GROUP,UBSG34
UBS GROUPDRN,UBSG34
ULTRAPARON,UGPA3
UNIBANCOUNT,UBBR11
UNICASAON,UCAS3
UNIFIQUEON,FIQE3
UNILEVER,ULEV34
UNILEVERDRN,ULEV34
UNIPAR CARBOPNB,UNIP6
UNIPARON,UNIP3
UNIPARPNA,UNIP5
UNIPARPNB,UNIP6
UNITED AIRLI,U1AL34
UNITED AIRLIDRN,U1AL34
UNITEDHEALTH,UNHH34
UNITEDHEALTHDRN,UNHH34
Unity Softwr DRN,U2ST34
Unity Softwr,U2ST34
UPS,UPSS34
UPSDRN,UPSS34
UPTICKON,UPKP3
Us Bancorp DRN,USBC34
Us Bancorp,USBC34
US STEEL,USSX34
US STEELDRN,USSX34
USIMINASON,USIM3
USIMINASPNA,USIM5
USIMINASPNB,USIM6
USINAS SID DPNA,USIM5
VALE R DOCEPNA,VALE5
VALEON,VALE3
VALEPNA,VALE5
VALERO ENER,VLOE34
VALERO ENERDRN,VLOE34
VALID SOLUÇÕON,VLID3
VALIDON,VLID3
VAMOSON,VAMO3
VERIZON,VERZ34
VERIZONDRN,VERZ34
VERTEX PHARM,VRTX34
VERTEX PHARMDRN,VRTX34
VIACOMCBS,C1BS34
VIACOMCBSDRN,C1BS34
VIAON,BHIA3
VIAVAREJOON,BHIA3
VIBRAON,VBBR3
Vipshop Hold DRN,V1IP34
Vipshop Hold,V1IP34
VISA INC,VISA34
VISA INCDRN,VISA34
VITTIAON,VITT3
VIVARA S.A.ON,VIVA3
VIVEOON,VVEO3
VIVERON,VIVR3
Vodafone Gro DRN,V1OD34
Vodafone Gro,V1OD34
VORNADO REAL,V1NO34
VORNADO REALDRN,V1NO34
VULCABRASON,VULC3
WALGREENS,WGBA34
WALGREENSDRN,WGBA34
WALRT,WALM34
WALRTDRN,WALM34
WALT DISNEY,DISB34
WALT DISNEYDRN,DISB34
WDC NETWORKSON,LVTC3
WEG S.A.ON,WEGE3
WEGON ED,WEGE4
WEGON,WEGE3
Weibo Corp DRN,W1BO34
Weibo Corp,W1BO34
WELLS FARGO,WFCO34
WELLS FARGODRN,WFCO34
WESTWINGON,WEST3
WETZEL S/AON,MWET3
WETZEL S/APN,MWET4
WHIRLPOOLON,WHRL3
WHIRLPOOLPN,WHRL4
WILSON SONSON,PORT3
WILSON SONSON,WSON33
WIX.COM LTD,W1IX34
WIX.COM LTDDRN,W1IX34
WIZ S.A.ON,WIZS3
WIZ S.AON,WIZS3
WLM IND COMON,WLMM3
WLM IND COMPN,WLMM4
YDUQS PARTON,YDUQ3
ZOETIS INC,Z1TS34
ZOETIS INCDRN,Z1TS34
ZOOM VIDEO,Z1OM34
ZOOM VIDEODRN,Z1OM34
